redshift-downloads,TPC-DS/2.13/100GB/call_center/call_center.dat.gz
redshift-downloads,TPC-DS/2.13/100GB/catalog_page/catalog_page.dat.gz
redshift-downloads,TPC-DS/2.13/100GB/catalog_returns/catalog_returns_100_109.dat.gz
redshift-downloads,TPC-DS/2.13/100GB/catalog_returns/catalog_returns_101_109.dat.gz
redshift-downloads,TPC-DS/2.13/100GB/catalog_returns/catalog_returns_102_109.dat.gz
redshift-downloads,TPC-DS/2.13/100GB/catalog_returns/catalog_returns_103_109.dat.gz
redshift-downloads,TPC-DS/2.13/100GB/catalog_returns/catalog_returns_104_109.dat.gz
redshift-downloads,TPC-DS/2.13/100GB/catalog_returns/catalog_returns_105_109.dat.gz
redshift-downloads,TPC-DS/2.13/100GB/catalog_returns/catalog_returns_106_109.dat.gz
redshift-downloads,TPC-DS/2.13/100GB/catalog_returns/catalog_returns_107_109.dat.gz
redshift-downloads,TPC-DS/2.13/100GB/catalog_returns/catalog_returns_108_109.dat.gz
redshift-downloads,TPC-DS/2.13/100GB/catalog_returns/catalog_returns_109_109.dat.gz
redshift-downloads,TPC-DS/2.13/100GB/catalog_returns/catalog_returns_10_109.dat.gz
redshift-downloads,TPC-DS/2.13/100GB/catalog_returns/catalog_returns_11_109.dat.gz
redshift-downloads,TPC-DS/2.13/100GB/catalog_returns/catalog_returns_12_109.dat.gz
redshift-downloads,TPC-DS/2.13/100GB/catalog_returns/catalog_returns_13_109.dat.gz
redshift-downloads,TPC-DS/2.13/100GB/catalog_returns/catalog_returns_14_109.dat.gz
redshift-downloads,TPC-DS/2.13/100GB/catalog_returns/catalog_returns_15_109.dat.gz
redshift-downloads,TPC-DS/2.13/100GB/catalog_returns/catalog_returns_16_109.dat.gz
redshift-downloads,TPC-DS/2.13/100GB/catalog_returns/catalog_returns_17_109.dat.gz
redshift-downloads,TPC-DS/2.13/100GB/catalog_returns/catalog_returns_18_109.dat.gz
redshift-downloads,TPC-DS/2.13/100GB/catalog_returns/catalog_returns_19_109.dat.gz
redshift-downloads,TPC-DS/2.13/100GB/catalog_returns/catalog_returns_1_109.dat.gz
redshift-downloads,TPC-DS/2.13/100GB/catalog_returns/catalog_returns_20_109.dat.gz
redshift-downloads,TPC-DS/2.13/100GB/catalog_returns/catalog_returns_21_109.dat.gz
redshift-downloads,TPC-DS/2.13/100GB/catalog_returns/catalog_returns_22_109.dat.gz
redshift-downloads,TPC-DS/2.13/100GB/catalog_returns/catalog_returns_23_109.dat.gz
redshift-downloads,TPC-DS/2.13/100GB/catalog_returns/catalog_returns_24_109.dat.gz
redshift-downloads,TPC-DS/2.13/100GB/catalog_returns/catalog_returns_25_109.dat.gz
redshift-downloads,TPC-DS/2.13/100GB/catalog_returns/catalog_returns_26_109.dat.gz
redshift-downloads,TPC-DS/2.13/100GB/catalog_returns/catalog_returns_27_109.dat.gz
redshift-downloads,TPC-DS/2.13/100GB/catalog_returns/catalog_returns_28_109.dat.gz
redshift-downloads,TPC-DS/2.13/100GB/catalog_returns/catalog_returns_29_109.dat.gz
redshift-downloads,TPC-DS/2.13/100GB/catalog_returns/catalog_returns_2_109.dat.gz
redshift-downloads,TPC-DS/2.13/100GB/catalog_returns/catalog_returns_30_109.dat.gz
redshift-downloads,TPC-DS/2.13/100GB/catalog_returns/catalog_returns_31_109.dat.gz
redshift-downloads,TPC-DS/2.13/100GB/catalog_returns/catalog_returns_32_109.dat.gz
redshift-downloads,TPC-DS/2.13/100GB/catalog_returns/catalog_returns_33_109.dat.gz
redshift-downloads,TPC-DS/2.13/100GB/catalog_returns/catalog_returns_34_109.dat.gz
redshift-downloads,TPC-DS/2.13/100GB/catalog_returns/catalog_returns_35_109.dat.gz
redshift-downloads,TPC-DS/2.13/100GB/catalog_returns/catalog_returns_36_109.dat.gz
redshift-downloads,TPC-DS/2.13/100GB/catalog_returns/catalog_returns_37_109.dat.gz
redshift-downloads,TPC-DS/2.13/100GB/catalog_returns/catalog_returns_38_109.dat.gz
redshift-downloads,TPC-DS/2.13/100GB/catalog_returns/catalog_returns_39_109.dat.gz
redshift-downloads,TPC-DS/2.13/100GB/catalog_returns/catalog_returns_3_109.dat.gz
redshift-downloads,TPC-DS/2.13/100GB/catalog_returns/catalog_returns_40_109.dat.gz
redshift-downloads,TPC-DS/2.13/100GB/catalog_returns/catalog_returns_41_109.dat.gz
redshift-downloads,TPC-DS/2.13/100GB/catalog_returns/catalog_returns_42_109.dat.gz
redshift-downloads,TPC-DS/2.13/100GB/catalog_returns/catalog_returns_43_109.dat.gz
redshift-downloads,TPC-DS/2.13/100GB/catalog_returns/catalog_returns_44_109.dat.gz
redshift-downloads,TPC-DS/2.13/100GB/catalog_returns/catalog_returns_45_109.dat.gz
redshift-downloads,TPC-DS/2.13/100GB/catalog_returns/catalog_returns_46_109.dat.gz
redshift-downloads,TPC-DS/2.13/100GB/catalog_returns/catalog_returns_47_109.dat.gz
redshift-downloads,TPC-DS/2.13/100GB/catalog_returns/catalog_returns_48_109.dat.gz
redshift-downloads,TPC-DS/2.13/100GB/catalog_returns/catalog_returns_49_109.dat.gz
redshift-downloads,TPC-DS/2.13/100GB/catalog_returns/catalog_returns_4_109.dat.gz
redshift-downloads,TPC-DS/2.13/100GB/catalog_returns/catalog_returns_50_109.dat.gz
redshift-downloads,TPC-DS/2.13/100GB/catalog_returns/catalog_returns_51_109.dat.gz
redshift-downloads,TPC-DS/2.13/100GB/catalog_returns/catalog_returns_52_109.dat.gz
redshift-downloads,TPC-DS/2.13/100GB/catalog_returns/catalog_returns_53_109.dat.gz
redshift-downloads,TPC-DS/2.13/100GB/catalog_returns/catalog_returns_54_109.dat.gz
redshift-downloads,TPC-DS/2.13/100GB/catalog_returns/catalog_returns_55_109.dat.gz
redshift-downloads,TPC-DS/2.13/100GB/catalog_returns/catalog_returns_56_109.dat.gz
redshift-downloads,TPC-DS/2.13/100GB/catalog_returns/catalog_returns_57_109.dat.gz
redshift-downloads,TPC-DS/2.13/100GB/catalog_returns/catalog_returns_58_109.dat.gz
redshift-downloads,TPC-DS/2.13/100GB/catalog_returns/catalog_returns_59_109.dat.gz
redshift-downloads,TPC-DS/2.13/100GB/catalog_returns/catalog_returns_5_109.dat.gz
redshift-downloads,TPC-DS/2.13/100GB/catalog_returns/catalog_returns_60_109.dat.gz
redshift-downloads,TPC-DS/2.13/100GB/catalog_returns/catalog_returns_61_109.dat.gz
redshift-downloads,TPC-DS/2.13/100GB/catalog_returns/catalog_returns_62_109.dat.gz
redshift-downloads,TPC-DS/2.13/100GB/catalog_returns/catalog_returns_63_109.dat.gz
redshift-downloads,TPC-DS/2.13/100GB/catalog_returns/catalog_returns_64_109.dat.gz
redshift-downloads,TPC-DS/2.13/100GB/catalog_returns/catalog_returns_65_109.dat.gz
redshift-downloads,TPC-DS/2.13/100GB/catalog_returns/catalog_returns_66_109.dat.gz
redshift-downloads,TPC-DS/2.13/100GB/catalog_returns/catalog_returns_67_109.dat.gz
redshift-downloads,TPC-DS/2.13/100GB/catalog_returns/catalog_returns_68_109.dat.gz
redshift-downloads,TPC-DS/2.13/100GB/catalog_returns/catalog_returns_69_109.dat.gz
redshift-downloads,TPC-DS/2.13/100GB/catalog_returns/catalog_returns_6_109.dat.gz
redshift-downloads,TPC-DS/2.13/100GB/catalog_returns/catalog_returns_70_109.dat.gz
redshift-downloads,TPC-DS/2.13/100GB/catalog_returns/catalog_returns_71_109.dat.gz
redshift-downloads,TPC-DS/2.13/100GB/catalog_returns/catalog_returns_72_109.dat.gz
redshift-downloads,TPC-DS/2.13/100GB/catalog_returns/catalog_returns_73_109.dat.gz
redshift-downloads,TPC-DS/2.13/100GB/catalog_returns/catalog_returns_74_109.dat.gz
redshift-downloads,TPC-DS/2.13/100GB/catalog_returns/catalog_returns_75_109.dat.gz
redshift-downloads,TPC-DS/2.13/100GB/catalog_returns/catalog_returns_76_109.dat.gz
redshift-downloads,TPC-DS/2.13/100GB/catalog_returns/catalog_returns_77_109.dat.gz
redshift-downloads,TPC-DS/2.13/100GB/catalog_returns/catalog_returns_78_109.dat.gz
redshift-downloads,TPC-DS/2.13/100GB/catalog_returns/catalog_returns_79_109.dat.gz
redshift-downloads,TPC-DS/2.13/100GB/catalog_returns/catalog_returns_7_109.dat.gz
redshift-downloads,TPC-DS/2.13/100GB/catalog_returns/catalog_returns_80_109.dat.gz
redshift-downloads,TPC-DS/2.13/100GB/catalog_returns/catalog_returns_81_109.dat.gz
redshift-downloads,TPC-DS/2.13/100GB/catalog_returns/catalog_returns_82_109.dat.gz
redshift-downloads,TPC-DS/2.13/100GB/catalog_returns/catalog_returns_83_109.dat.gz
redshift-downloads,TPC-DS/2.13/100GB/catalog_returns/catalog_returns_84_109.dat.gz
redshift-downloads,TPC-DS/2.13/100GB/catalog_returns/catalog_returns_85_109.dat.gz
redshift-downloads,TPC-DS/2.13/100GB/catalog_returns/catalog_returns_86_109.dat.gz
redshift-downloads,TPC-DS/2.13/100GB/catalog_returns/catalog_returns_87_109.dat.gz
redshift-downloads,TPC-DS/2.13/100GB/catalog_returns/catalog_returns_88_109.dat.gz
redshift-downloads,TPC-DS/2.13/100GB/catalog_returns/catalog_returns_89_109.dat.gz
redshift-downloads,TPC-DS/2.13/100GB/catalog_returns/catalog_returns_8_109.dat.gz
redshift-downloads,TPC-DS/2.13/100GB/catalog_returns/catalog_returns_90_109.dat.gz
redshift-downloads,TPC-DS/2.13/100GB/catalog_returns/catalog_returns_91_109.dat.gz
redshift-downloads,TPC-DS/2.13/100GB/catalog_returns/catalog_returns_92_109.dat.gz
redshift-downloads,TPC-DS/2.13/100GB/catalog_returns/catalog_returns_93_109.dat.gz
redshift-downloads,TPC-DS/2.13/100GB/catalog_returns/catalog_returns_94_109.dat.gz
redshift-downloads,TPC-DS/2.13/100GB/catalog_returns/catalog_returns_95_109.dat.gz
redshift-downloads,TPC-DS/2.13/100GB/catalog_returns/catalog_returns_96_109.dat.gz
redshift-downloads,TPC-DS/2.13/100GB/catalog_returns/catalog_returns_97_109.dat.gz
redshift-downloads,TPC-DS/2.13/100GB/catalog_returns/catalog_returns_98_109.dat.gz
redshift-downloads,TPC-DS/2.13/100GB/catalog_returns/catalog_returns_99_109.dat.gz
redshift-downloads,TPC-DS/2.13/100GB/catalog_returns/catalog_returns_9_109.dat.gz
redshift-downloads,TPC-DS/2.13/100GB/catalog_sales/catalog_sales_100_109.dat.gz
redshift-downloads,TPC-DS/2.13/100GB/catalog_sales/catalog_sales_101_109.dat.gz
redshift-downloads,TPC-DS/2.13/100GB/catalog_sales/catalog_sales_102_109.dat.gz
redshift-downloads,TPC-DS/2.13/100GB/catalog_sales/catalog_sales_103_109.dat.gz
redshift-downloads,TPC-DS/2.13/100GB/catalog_sales/catalog_sales_104_109.dat.gz
redshift-downloads,TPC-DS/2.13/100GB/catalog_sales/catalog_sales_105_109.dat.gz
redshift-downloads,TPC-DS/2.13/100GB/catalog_sales/catalog_sales_106_109.dat.gz
redshift-downloads,TPC-DS/2.13/100GB/catalog_sales/catalog_sales_107_109.dat.gz
redshift-downloads,TPC-DS/2.13/100GB/catalog_sales/catalog_sales_108_109.dat.gz
redshift-downloads,TPC-DS/2.13/100GB/catalog_sales/catalog_sales_109_109.dat.gz
redshift-downloads,TPC-DS/2.13/100GB/catalog_sales/catalog_sales_10_109.dat.gz
redshift-downloads,TPC-DS/2.13/100GB/catalog_sales/catalog_sales_11_109.dat.gz
redshift-downloads,TPC-DS/2.13/100GB/catalog_sales/catalog_sales_12_109.dat.gz
redshift-downloads,TPC-DS/2.13/100GB/catalog_sales/catalog_sales_13_109.dat.gz
redshift-downloads,TPC-DS/2.13/100GB/catalog_sales/catalog_sales_14_109.dat.gz
redshift-downloads,TPC-DS/2.13/100GB/catalog_sales/catalog_sales_15_109.dat.gz
redshift-downloads,TPC-DS/2.13/100GB/catalog_sales/catalog_sales_16_109.dat.gz
redshift-downloads,TPC-DS/2.13/100GB/catalog_sales/catalog_sales_17_109.dat.gz
redshift-downloads,TPC-DS/2.13/100GB/catalog_sales/catalog_sales_18_109.dat.gz
redshift-downloads,TPC-DS/2.13/100GB/catalog_sales/catalog_sales_19_109.dat.gz
redshift-downloads,TPC-DS/2.13/100GB/catalog_sales/catalog_sales_1_109.dat.gz
redshift-downloads,TPC-DS/2.13/100GB/catalog_sales/catalog_sales_20_109.dat.gz
redshift-downloads,TPC-DS/2.13/100GB/catalog_sales/catalog_sales_21_109.dat.gz
redshift-downloads,TPC-DS/2.13/100GB/catalog_sales/catalog_sales_22_109.dat.gz
redshift-downloads,TPC-DS/2.13/100GB/catalog_sales/catalog_sales_23_109.dat.gz
redshift-downloads,TPC-DS/2.13/100GB/catalog_sales/catalog_sales_24_109.dat.gz
redshift-downloads,TPC-DS/2.13/100GB/catalog_sales/catalog_sales_25_109.dat.gz
redshift-downloads,TPC-DS/2.13/100GB/catalog_sales/catalog_sales_26_109.dat.gz
redshift-downloads,TPC-DS/2.13/100GB/catalog_sales/catalog_sales_27_109.dat.gz
redshift-downloads,TPC-DS/2.13/100GB/catalog_sales/catalog_sales_28_109.dat.gz
redshift-downloads,TPC-DS/2.13/100GB/catalog_sales/catalog_sales_29_109.dat.gz
redshift-downloads,TPC-DS/2.13/100GB/catalog_sales/catalog_sales_2_109.dat.gz
redshift-downloads,TPC-DS/2.13/100GB/catalog_sales/catalog_sales_30_109.dat.gz
redshift-downloads,TPC-DS/2.13/100GB/catalog_sales/catalog_sales_31_109.dat.gz
redshift-downloads,TPC-DS/2.13/100GB/catalog_sales/catalog_sales_32_109.dat.gz
redshift-downloads,TPC-DS/2.13/100GB/catalog_sales/catalog_sales_33_109.dat.gz
redshift-downloads,TPC-DS/2.13/100GB/catalog_sales/catalog_sales_34_109.dat.gz
redshift-downloads,TPC-DS/2.13/100GB/catalog_sales/catalog_sales_35_109.dat.gz
redshift-downloads,TPC-DS/2.13/100GB/catalog_sales/catalog_sales_36_109.dat.gz
redshift-downloads,TPC-DS/2.13/100GB/catalog_sales/catalog_sales_37_109.dat.gz
redshift-downloads,TPC-DS/2.13/100GB/catalog_sales/catalog_sales_38_109.dat.gz
redshift-downloads,TPC-DS/2.13/100GB/catalog_sales/catalog_sales_39_109.dat.gz
redshift-downloads,TPC-DS/2.13/100GB/catalog_sales/catalog_sales_3_109.dat.gz
redshift-downloads,TPC-DS/2.13/100GB/catalog_sales/catalog_sales_40_109.dat.gz
redshift-downloads,TPC-DS/2.13/100GB/catalog_sales/catalog_sales_41_109.dat.gz
redshift-downloads,TPC-DS/2.13/100GB/catalog_sales/catalog_sales_42_109.dat.gz
redshift-downloads,TPC-DS/2.13/100GB/catalog_sales/catalog_sales_43_109.dat.gz
redshift-downloads,TPC-DS/2.13/100GB/catalog_sales/catalog_sales_44_109.dat.gz
redshift-downloads,TPC-DS/2.13/100GB/catalog_sales/catalog_sales_45_109.dat.gz
redshift-downloads,TPC-DS/2.13/100GB/catalog_sales/catalog_sales_46_109.dat.gz
redshift-downloads,TPC-DS/2.13/100GB/catalog_sales/catalog_sales_47_109.dat.gz
redshift-downloads,TPC-DS/2.13/100GB/catalog_sales/catalog_sales_48_109.dat.gz
redshift-downloads,TPC-DS/2.13/100GB/catalog_sales/catalog_sales_49_109.dat.gz
redshift-downloads,TPC-DS/2.13/100GB/catalog_sales/catalog_sales_4_109.dat.gz
redshift-downloads,TPC-DS/2.13/100GB/catalog_sales/catalog_sales_50_109.dat.gz
redshift-downloads,TPC-DS/2.13/100GB/catalog_sales/catalog_sales_51_109.dat.gz
redshift-downloads,TPC-DS/2.13/100GB/catalog_sales/catalog_sales_52_109.dat.gz
redshift-downloads,TPC-DS/2.13/100GB/catalog_sales/catalog_sales_53_109.dat.gz
redshift-downloads,TPC-DS/2.13/100GB/catalog_sales/catalog_sales_54_109.dat.gz
redshift-downloads,TPC-DS/2.13/100GB/catalog_sales/catalog_sales_55_109.dat.gz
redshift-downloads,TPC-DS/2.13/100GB/catalog_sales/catalog_sales_56_109.dat.gz
redshift-downloads,TPC-DS/2.13/100GB/catalog_sales/catalog_sales_57_109.dat.gz
redshift-downloads,TPC-DS/2.13/100GB/catalog_sales/catalog_sales_58_109.dat.gz
redshift-downloads,TPC-DS/2.13/100GB/catalog_sales/catalog_sales_59_109.dat.gz
redshift-downloads,TPC-DS/2.13/100GB/catalog_sales/catalog_sales_5_109.dat.gz
redshift-downloads,TPC-DS/2.13/100GB/catalog_sales/catalog_sales_60_109.dat.gz
redshift-downloads,TPC-DS/2.13/100GB/catalog_sales/catalog_sales_61_109.dat.gz
redshift-downloads,TPC-DS/2.13/100GB/catalog_sales/catalog_sales_62_109.dat.gz
redshift-downloads,TPC-DS/2.13/100GB/catalog_sales/catalog_sales_63_109.dat.gz
redshift-downloads,TPC-DS/2.13/100GB/catalog_sales/catalog_sales_64_109.dat.gz
redshift-downloads,TPC-DS/2.13/100GB/catalog_sales/catalog_sales_65_109.dat.gz
redshift-downloads,TPC-DS/2.13/100GB/catalog_sales/catalog_sales_66_109.dat.gz
redshift-downloads,TPC-DS/2.13/100GB/catalog_sales/catalog_sales_67_109.dat.gz
redshift-downloads,TPC-DS/2.13/100GB/catalog_sales/catalog_sales_68_109.dat.gz
redshift-downloads,TPC-DS/2.13/100GB/catalog_sales/catalog_sales_69_109.dat.gz
redshift-downloads,TPC-DS/2.13/100GB/catalog_sales/catalog_sales_6_109.dat.gz
redshift-downloads,TPC-DS/2.13/100GB/catalog_sales/catalog_sales_70_109.dat.gz
redshift-downloads,TPC-DS/2.13/100GB/catalog_sales/catalog_sales_71_109.dat.gz
redshift-downloads,TPC-DS/2.13/100GB/catalog_sales/catalog_sales_72_109.dat.gz
redshift-downloads,TPC-DS/2.13/100GB/catalog_sales/catalog_sales_73_109.dat.gz
redshift-downloads,TPC-DS/2.13/100GB/catalog_sales/catalog_sales_74_109.dat.gz
redshift-downloads,TPC-DS/2.13/100GB/catalog_sales/catalog_sales_75_109.dat.gz
redshift-downloads,TPC-DS/2.13/100GB/catalog_sales/catalog_sales_76_109.dat.gz
redshift-downloads,TPC-DS/2.13/100GB/catalog_sales/catalog_sales_77_109.dat.gz
redshift-downloads,TPC-DS/2.13/100GB/catalog_sales/catalog_sales_78_109.dat.gz
redshift-downloads,TPC-DS/2.13/100GB/catalog_sales/catalog_sales_79_109.dat.gz
redshift-downloads,TPC-DS/2.13/100GB/catalog_sales/catalog_sales_7_109.dat.gz
redshift-downloads,TPC-DS/2.13/100GB/catalog_sales/catalog_sales_80_109.dat.gz
redshift-downloads,TPC-DS/2.13/100GB/catalog_sales/catalog_sales_81_109.dat.gz
redshift-downloads,TPC-DS/2.13/100GB/catalog_sales/catalog_sales_82_109.dat.gz
redshift-downloads,TPC-DS/2.13/100GB/catalog_sales/catalog_sales_83_109.dat.gz
redshift-downloads,TPC-DS/2.13/100GB/catalog_sales/catalog_sales_84_109.dat.gz
redshift-downloads,TPC-DS/2.13/100GB/catalog_sales/catalog_sales_85_109.dat.gz
redshift-downloads,TPC-DS/2.13/100GB/catalog_sales/catalog_sales_86_109.dat.gz
redshift-downloads,TPC-DS/2.13/100GB/catalog_sales/catalog_sales_87_109.dat.gz
redshift-downloads,TPC-DS/2.13/100GB/catalog_sales/catalog_sales_88_109.dat.gz
redshift-downloads,TPC-DS/2.13/100GB/catalog_sales/catalog_sales_89_109.dat.gz
redshift-downloads,TPC-DS/2.13/100GB/catalog_sales/catalog_sales_8_109.dat.gz
redshift-downloads,TPC-DS/2.13/100GB/catalog_sales/catalog_sales_90_109.dat.gz
redshift-downloads,TPC-DS/2.13/100GB/catalog_sales/catalog_sales_91_109.dat.gz
redshift-downloads,TPC-DS/2.13/100GB/catalog_sales/catalog_sales_92_109.dat.gz
redshift-downloads,TPC-DS/2.13/100GB/catalog_sales/catalog_sales_93_109.dat.gz
redshift-downloads,TPC-DS/2.13/100GB/catalog_sales/catalog_sales_94_109.dat.gz
redshift-downloads,TPC-DS/2.13/100GB/catalog_sales/catalog_sales_95_109.dat.gz
redshift-downloads,TPC-DS/2.13/100GB/catalog_sales/catalog_sales_96_109.dat.gz
redshift-downloads,TPC-DS/2.13/100GB/catalog_sales/catalog_sales_97_109.dat.gz
redshift-downloads,TPC-DS/2.13/100GB/catalog_sales/catalog_sales_98_109.dat.gz
redshift-downloads,TPC-DS/2.13/100GB/catalog_sales/catalog_sales_99_109.dat.gz
redshift-downloads,TPC-DS/2.13/100GB/catalog_sales/catalog_sales_9_109.dat.gz
redshift-downloads,TPC-DS/2.13/100GB/customer/customer.dat.gz
redshift-downloads,TPC-DS/2.13/100GB/customer_address/customer_address.dat.gz
redshift-downloads,TPC-DS/2.13/100GB/customer_demographics/customer_demographics.dat.gz
redshift-downloads,TPC-DS/2.13/100GB/date_dim/date_dim.dat.gz
redshift-downloads,TPC-DS/2.13/100GB/household_demographics/household_demographics.dat.gz
redshift-downloads,TPC-DS/2.13/100GB/income_band/income_band.dat.gz
redshift-downloads,TPC-DS/2.13/100GB/inventory/inventory_1_3.dat.gz
redshift-downloads,TPC-DS/2.13/100GB/inventory/inventory_2_3.dat.gz
redshift-downloads,TPC-DS/2.13/100GB/inventory/inventory_3_3.dat.gz
redshift-downloads,TPC-DS/2.13/100GB/item/item.dat.gz
redshift-downloads,TPC-DS/2.13/100GB/promotion/promotion.dat.gz
redshift-downloads,TPC-DS/2.13/100GB/reason/reason.dat.gz
redshift-downloads,TPC-DS/2.13/100GB/ship_mode/ship_mode.dat.gz
redshift-downloads,TPC-DS/2.13/100GB/store/store.dat.gz
redshift-downloads,TPC-DS/2.13/100GB/store_returns/store_returns_100_144.dat.gz
redshift-downloads,TPC-DS/2.13/100GB/store_returns/store_returns_101_144.dat.gz
redshift-downloads,TPC-DS/2.13/100GB/store_returns/store_returns_102_144.dat.gz
redshift-downloads,TPC-DS/2.13/100GB/store_returns/store_returns_103_144.dat.gz
redshift-downloads,TPC-DS/2.13/100GB/store_returns/store_returns_104_144.dat.gz
redshift-downloads,TPC-DS/2.13/100GB/store_returns/store_returns_105_144.dat.gz
redshift-downloads,TPC-DS/2.13/100GB/store_returns/store_returns_106_144.dat.gz
redshift-downloads,TPC-DS/2.13/100GB/store_returns/store_returns_107_144.dat.gz
redshift-downloads,TPC-DS/2.13/100GB/store_returns/store_returns_108_144.dat.gz
redshift-downloads,TPC-DS/2.13/100GB/store_returns/store_returns_109_144.dat.gz
redshift-downloads,TPC-DS/2.13/100GB/store_returns/store_returns_10_144.dat.gz
redshift-downloads,TPC-DS/2.13/100GB/store_returns/store_returns_110_144.dat.gz
redshift-downloads,TPC-DS/2.13/100GB/store_returns/store_returns_111_144.dat.gz
redshift-downloads,TPC-DS/2.13/100GB/store_returns/store_returns_112_144.dat.gz
redshift-downloads,TPC-DS/2.13/100GB/store_returns/store_returns_113_144.dat.gz
redshift-downloads,TPC-DS/2.13/100GB/store_returns/store_returns_114_144.dat.gz
redshift-downloads,TPC-DS/2.13/100GB/store_returns/store_returns_115_144.dat.gz
redshift-downloads,TPC-DS/2.13/100GB/store_returns/store_returns_116_144.dat.gz
redshift-downloads,TPC-DS/2.13/100GB/store_returns/store_returns_117_144.dat.gz
redshift-downloads,TPC-DS/2.13/100GB/store_returns/store_returns_118_144.dat.gz
redshift-downloads,TPC-DS/2.13/100GB/store_returns/store_returns_119_144.dat.gz
redshift-downloads,TPC-DS/2.13/100GB/store_returns/store_returns_11_144.dat.gz
redshift-downloads,TPC-DS/2.13/100GB/store_returns/store_returns_120_144.dat.gz
redshift-downloads,TPC-DS/2.13/100GB/store_returns/store_returns_121_144.dat.gz
redshift-downloads,TPC-DS/2.13/100GB/store_returns/store_returns_122_144.dat.gz
redshift-downloads,TPC-DS/2.13/100GB/store_returns/store_returns_123_144.dat.gz
redshift-downloads,TPC-DS/2.13/100GB/store_returns/store_returns_124_144.dat.gz
redshift-downloads,TPC-DS/2.13/100GB/store_returns/store_returns_125_144.dat.gz
redshift-downloads,TPC-DS/2.13/100GB/store_returns/store_returns_126_144.dat.gz
redshift-downloads,TPC-DS/2.13/100GB/store_returns/store_returns_127_144.dat.gz
redshift-downloads,TPC-DS/2.13/100GB/store_returns/store_returns_128_144.dat.gz
redshift-downloads,TPC-DS/2.13/100GB/store_returns/store_returns_129_144.dat.gz
redshift-downloads,TPC-DS/2.13/100GB/store_returns/store_returns_12_144.dat.gz
redshift-downloads,TPC-DS/2.13/100GB/store_returns/store_returns_130_144.dat.gz
redshift-downloads,TPC-DS/2.13/100GB/store_returns/store_returns_131_144.dat.gz
redshift-downloads,TPC-DS/2.13/100GB/store_returns/store_returns_132_144.dat.gz
redshift-downloads,TPC-DS/2.13/100GB/store_returns/store_returns_133_144.dat.gz
redshift-downloads,TPC-DS/2.13/100GB/store_returns/store_returns_134_144.dat.gz
redshift-downloads,TPC-DS/2.13/100GB/store_returns/store_returns_135_144.dat.gz
redshift-downloads,TPC-DS/2.13/100GB/store_returns/store_returns_136_144.dat.gz
redshift-downloads,TPC-DS/2.13/100GB/store_returns/store_returns_137_144.dat.gz
redshift-downloads,TPC-DS/2.13/100GB/store_returns/store_returns_138_144.dat.gz
redshift-downloads,TPC-DS/2.13/100GB/store_returns/store_returns_139_144.dat.gz
redshift-downloads,TPC-DS/2.13/100GB/store_returns/store_returns_13_144.dat.gz
redshift-downloads,TPC-DS/2.13/100GB/store_returns/store_returns_140_144.dat.gz
redshift-downloads,TPC-DS/2.13/100GB/store_returns/store_returns_141_144.dat.gz
redshift-downloads,TPC-DS/2.13/100GB/store_returns/store_returns_142_144.dat.gz
redshift-downloads,TPC-DS/2.13/100GB/store_returns/store_returns_143_144.dat.gz
redshift-downloads,TPC-DS/2.13/100GB/store_returns/store_returns_144_144.dat.gz
redshift-downloads,TPC-DS/2.13/100GB/store_returns/store_returns_14_144.dat.gz
redshift-downloads,TPC-DS/2.13/100GB/store_returns/store_returns_15_144.dat.gz
redshift-downloads,TPC-DS/2.13/100GB/store_returns/store_returns_16_144.dat.gz
redshift-downloads,TPC-DS/2.13/100GB/store_returns/store_returns_17_144.dat.gz
redshift-downloads,TPC-DS/2.13/100GB/store_returns/store_returns_18_144.dat.gz
redshift-downloads,TPC-DS/2.13/100GB/store_returns/store_returns_19_144.dat.gz
redshift-downloads,TPC-DS/2.13/100GB/store_returns/store_returns_1_144.dat.gz
redshift-downloads,TPC-DS/2.13/100GB/store_returns/store_returns_20_144.dat.gz
redshift-downloads,TPC-DS/2.13/100GB/store_returns/store_returns_21_144.dat.gz
redshift-downloads,TPC-DS/2.13/100GB/store_returns/store_returns_22_144.dat.gz
redshift-downloads,TPC-DS/2.13/100GB/store_returns/store_returns_23_144.dat.gz
redshift-downloads,TPC-DS/2.13/100GB/store_returns/store_returns_24_144.dat.gz
redshift-downloads,TPC-DS/2.13/100GB/store_returns/store_returns_25_144.dat.gz
redshift-downloads,TPC-DS/2.13/100GB/store_returns/store_returns_26_144.dat.gz
redshift-downloads,TPC-DS/2.13/100GB/store_returns/store_returns_27_144.dat.gz
redshift-downloads,TPC-DS/2.13/100GB/store_returns/store_returns_28_144.dat.gz
redshift-downloads,TPC-DS/2.13/100GB/store_returns/store_returns_29_144.dat.gz
redshift-downloads,TPC-DS/2.13/100GB/store_returns/store_returns_2_144.dat.gz
redshift-downloads,TPC-DS/2.13/100GB/store_returns/store_returns_30_144.dat.gz
redshift-downloads,TPC-DS/2.13/100GB/store_returns/store_returns_31_144.dat.gz
redshift-downloads,TPC-DS/2.13/100GB/store_returns/store_returns_32_144.dat.gz
redshift-downloads,TPC-DS/2.13/100GB/store_returns/store_returns_33_144.dat.gz
redshift-downloads,TPC-DS/2.13/100GB/store_returns/store_returns_34_144.dat.gz
redshift-downloads,TPC-DS/2.13/100GB/store_returns/store_returns_35_144.dat.gz
redshift-downloads,TPC-DS/2.13/100GB/store_returns/store_returns_36_144.dat.gz
redshift-downloads,TPC-DS/2.13/100GB/store_returns/store_returns_37_144.dat.gz
redshift-downloads,TPC-DS/2.13/100GB/store_returns/store_returns_38_144.dat.gz
redshift-downloads,TPC-DS/2.13/100GB/store_returns/store_returns_39_144.dat.gz
redshift-downloads,TPC-DS/2.13/100GB/store_returns/store_returns_3_144.dat.gz
redshift-downloads,TPC-DS/2.13/100GB/store_returns/store_returns_40_144.dat.gz
redshift-downloads,TPC-DS/2.13/100GB/store_returns/store_returns_41_144.dat.gz
redshift-downloads,TPC-DS/2.13/100GB/store_returns/store_returns_42_144.dat.gz
redshift-downloads,TPC-DS/2.13/100GB/store_returns/store_returns_43_144.dat.gz
redshift-downloads,TPC-DS/2.13/100GB/store_returns/store_returns_44_144.dat.gz
redshift-downloads,TPC-DS/2.13/100GB/store_returns/store_returns_45_144.dat.gz
redshift-downloads,TPC-DS/2.13/100GB/store_returns/store_returns_46_144.dat.gz
redshift-downloads,TPC-DS/2.13/100GB/store_returns/store_returns_47_144.dat.gz
redshift-downloads,TPC-DS/2.13/100GB/store_returns/store_returns_48_144.dat.gz
redshift-downloads,TPC-DS/2.13/100GB/store_returns/store_returns_49_144.dat.gz
redshift-downloads,TPC-DS/2.13/100GB/store_returns/store_returns_4_144.dat.gz
redshift-downloads,TPC-DS/2.13/100GB/store_returns/store_returns_50_144.dat.gz
redshift-downloads,TPC-DS/2.13/100GB/store_returns/store_returns_51_144.dat.gz
redshift-downloads,TPC-DS/2.13/100GB/store_returns/store_returns_52_144.dat.gz
redshift-downloads,TPC-DS/2.13/100GB/store_returns/store_returns_53_144.dat.gz
redshift-downloads,TPC-DS/2.13/100GB/store_returns/store_returns_54_144.dat.gz
redshift-downloads,TPC-DS/2.13/100GB/store_returns/store_returns_55_144.dat.gz
redshift-downloads,TPC-DS/2.13/100GB/store_returns/store_returns_56_144.dat.gz
redshift-downloads,TPC-DS/2.13/100GB/store_returns/store_returns_57_144.dat.gz
redshift-downloads,TPC-DS/2.13/100GB/store_returns/store_returns_58_144.dat.gz
redshift-downloads,TPC-DS/2.13/100GB/store_returns/store_returns_59_144.dat.gz
redshift-downloads,TPC-DS/2.13/100GB/store_returns/store_returns_5_144.dat.gz
redshift-downloads,TPC-DS/2.13/100GB/store_returns/store_returns_60_144.dat.gz
redshift-downloads,TPC-DS/2.13/100GB/store_returns/store_returns_61_144.dat.gz
redshift-downloads,TPC-DS/2.13/100GB/store_returns/store_returns_62_144.dat.gz
redshift-downloads,TPC-DS/2.13/100GB/store_returns/store_returns_63_144.dat.gz
redshift-downloads,TPC-DS/2.13/100GB/store_returns/store_returns_64_144.dat.gz
redshift-downloads,TPC-DS/2.13/100GB/store_returns/store_returns_65_144.dat.gz
redshift-downloads,TPC-DS/2.13/100GB/store_returns/store_returns_66_144.dat.gz
redshift-downloads,TPC-DS/2.13/100GB/store_returns/store_returns_67_144.dat.gz
redshift-downloads,TPC-DS/2.13/100GB/store_returns/store_returns_68_144.dat.gz
redshift-downloads,TPC-DS/2.13/100GB/store_returns/store_returns_69_144.dat.gz
redshift-downloads,TPC-DS/2.13/100GB/store_returns/store_returns_6_144.dat.gz
redshift-downloads,TPC-DS/2.13/100GB/store_returns/store_returns_70_144.dat.gz
redshift-downloads,TPC-DS/2.13/100GB/store_returns/store_returns_71_144.dat.gz
redshift-downloads,TPC-DS/2.13/100GB/store_returns/store_returns_72_144.dat.gz
redshift-downloads,TPC-DS/2.13/100GB/store_returns/store_returns_73_144.dat.gz
redshift-downloads,TPC-DS/2.13/100GB/store_returns/store_returns_74_144.dat.gz
redshift-downloads,TPC-DS/2.13/100GB/store_returns/store_returns_75_144.dat.gz
redshift-downloads,TPC-DS/2.13/100GB/store_returns/store_returns_76_144.dat.gz
redshift-downloads,TPC-DS/2.13/100GB/store_returns/store_returns_77_144.dat.gz
redshift-downloads,TPC-DS/2.13/100GB/store_returns/store_returns_78_144.dat.gz
redshift-downloads,TPC-DS/2.13/100GB/store_returns/store_returns_79_144.dat.gz
redshift-downloads,TPC-DS/2.13/100GB/store_returns/store_returns_7_144.dat.gz
redshift-downloads,TPC-DS/2.13/100GB/store_returns/store_returns_80_144.dat.gz
redshift-downloads,TPC-DS/2.13/100GB/store_returns/store_returns_81_144.dat.gz
redshift-downloads,TPC-DS/2.13/100GB/store_returns/store_returns_82_144.dat.gz
redshift-downloads,TPC-DS/2.13/100GB/store_returns/store_returns_83_144.dat.gz
redshift-downloads,TPC-DS/2.13/100GB/store_returns/store_returns_84_144.dat.gz
redshift-downloads,TPC-DS/2.13/100GB/store_returns/store_returns_85_144.dat.gz
redshift-downloads,TPC-DS/2.13/100GB/store_returns/store_returns_86_144.dat.gz
redshift-downloads,TPC-DS/2.13/100GB/store_returns/store_returns_87_144.dat.gz
redshift-downloads,TPC-DS/2.13/100GB/store_returns/store_returns_88_144.dat.gz
redshift-downloads,TPC-DS/2.13/100GB/store_returns/store_returns_89_144.dat.gz
redshift-downloads,TPC-DS/2.13/100GB/store_returns/store_returns_8_144.dat.gz
redshift-downloads,TPC-DS/2.13/100GB/store_returns/store_returns_90_144.dat.gz
redshift-downloads,TPC-DS/2.13/100GB/store_returns/store_returns_91_144.dat.gz
redshift-downloads,TPC-DS/2.13/100GB/store_returns/store_returns_92_144.dat.gz
redshift-downloads,TPC-DS/2.13/100GB/store_returns/store_returns_93_144.dat.gz
redshift-downloads,TPC-DS/2.13/100GB/store_returns/store_returns_94_144.dat.gz
redshift-downloads,TPC-DS/2.13/100GB/store_returns/store_returns_95_144.dat.gz
redshift-downloads,TPC-DS/2.13/100GB/store_returns/store_returns_96_144.dat.gz
redshift-downloads,TPC-DS/2.13/100GB/store_returns/store_returns_97_144.dat.gz
redshift-downloads,TPC-DS/2.13/100GB/store_returns/store_returns_98_144.dat.gz
redshift-downloads,TPC-DS/2.13/100GB/store_returns/store_returns_99_144.dat.gz
redshift-downloads,TPC-DS/2.13/100GB/store_returns/store_returns_9_144.dat.gz
redshift-downloads,TPC-DS/2.13/100GB/store_sales/store_sales_100_144.dat.gz
redshift-downloads,TPC-DS/2.13/100GB/store_sales/store_sales_101_144.dat.gz
redshift-downloads,TPC-DS/2.13/100GB/store_sales/store_sales_102_144.dat.gz
redshift-downloads,TPC-DS/2.13/100GB/store_sales/store_sales_103_144.dat.gz
redshift-downloads,TPC-DS/2.13/100GB/store_sales/store_sales_104_144.dat.gz
redshift-downloads,TPC-DS/2.13/100GB/store_sales/store_sales_105_144.dat.gz
redshift-downloads,TPC-DS/2.13/100GB/store_sales/store_sales_106_144.dat.gz
redshift-downloads,TPC-DS/2.13/100GB/store_sales/store_sales_107_144.dat.gz
redshift-downloads,TPC-DS/2.13/100GB/store_sales/store_sales_108_144.dat.gz
redshift-downloads,TPC-DS/2.13/100GB/store_sales/store_sales_109_144.dat.gz
redshift-downloads,TPC-DS/2.13/100GB/store_sales/store_sales_10_144.dat.gz
redshift-downloads,TPC-DS/2.13/100GB/store_sales/store_sales_110_144.dat.gz
redshift-downloads,TPC-DS/2.13/100GB/store_sales/store_sales_111_144.dat.gz
redshift-downloads,TPC-DS/2.13/100GB/store_sales/store_sales_112_144.dat.gz
redshift-downloads,TPC-DS/2.13/100GB/store_sales/store_sales_113_144.dat.gz
redshift-downloads,TPC-DS/2.13/100GB/store_sales/store_sales_114_144.dat.gz
redshift-downloads,TPC-DS/2.13/100GB/store_sales/store_sales_115_144.dat.gz
redshift-downloads,TPC-DS/2.13/100GB/store_sales/store_sales_116_144.dat.gz
redshift-downloads,TPC-DS/2.13/100GB/store_sales/store_sales_117_144.dat.gz
redshift-downloads,TPC-DS/2.13/100GB/store_sales/store_sales_118_144.dat.gz
redshift-downloads,TPC-DS/2.13/100GB/store_sales/store_sales_119_144.dat.gz
redshift-downloads,TPC-DS/2.13/100GB/store_sales/store_sales_11_144.dat.gz
redshift-downloads,TPC-DS/2.13/100GB/store_sales/store_sales_120_144.dat.gz
redshift-downloads,TPC-DS/2.13/100GB/store_sales/store_sales_121_144.dat.gz
redshift-downloads,TPC-DS/2.13/100GB/store_sales/store_sales_122_144.dat.gz
redshift-downloads,TPC-DS/2.13/100GB/store_sales/store_sales_123_144.dat.gz
redshift-downloads,TPC-DS/2.13/100GB/store_sales/store_sales_124_144.dat.gz
redshift-downloads,TPC-DS/2.13/100GB/store_sales/store_sales_125_144.dat.gz
redshift-downloads,TPC-DS/2.13/100GB/store_sales/store_sales_126_144.dat.gz
redshift-downloads,TPC-DS/2.13/100GB/store_sales/store_sales_127_144.dat.gz
redshift-downloads,TPC-DS/2.13/100GB/store_sales/store_sales_128_144.dat.gz
redshift-downloads,TPC-DS/2.13/100GB/store_sales/store_sales_129_144.dat.gz
redshift-downloads,TPC-DS/2.13/100GB/store_sales/store_sales_12_144.dat.gz
redshift-downloads,TPC-DS/2.13/100GB/store_sales/store_sales_130_144.dat.gz
redshift-downloads,TPC-DS/2.13/100GB/store_sales/store_sales_131_144.dat.gz
redshift-downloads,TPC-DS/2.13/100GB/store_sales/store_sales_132_144.dat.gz
redshift-downloads,TPC-DS/2.13/100GB/store_sales/store_sales_133_144.dat.gz
redshift-downloads,TPC-DS/2.13/100GB/store_sales/store_sales_134_144.dat.gz
redshift-downloads,TPC-DS/2.13/100GB/store_sales/store_sales_135_144.dat.gz
redshift-downloads,TPC-DS/2.13/100GB/store_sales/store_sales_136_144.dat.gz
redshift-downloads,TPC-DS/2.13/100GB/store_sales/store_sales_137_144.dat.gz
redshift-downloads,TPC-DS/2.13/100GB/store_sales/store_sales_138_144.dat.gz
redshift-downloads,TPC-DS/2.13/100GB/store_sales/store_sales_139_144.dat.gz
redshift-downloads,TPC-DS/2.13/100GB/store_sales/store_sales_13_144.dat.gz
redshift-downloads,TPC-DS/2.13/100GB/store_sales/store_sales_140_144.dat.gz
redshift-downloads,TPC-DS/2.13/100GB/store_sales/store_sales_141_144.dat.gz
redshift-downloads,TPC-DS/2.13/100GB/store_sales/store_sales_142_144.dat.gz
redshift-downloads,TPC-DS/2.13/100GB/store_sales/store_sales_143_144.dat.gz
redshift-downloads,TPC-DS/2.13/100GB/store_sales/store_sales_144_144.dat.gz
redshift-downloads,TPC-DS/2.13/100GB/store_sales/store_sales_14_144.dat.gz
redshift-downloads,TPC-DS/2.13/100GB/store_sales/store_sales_15_144.dat.gz
redshift-downloads,TPC-DS/2.13/100GB/store_sales/store_sales_16_144.dat.gz
redshift-downloads,TPC-DS/2.13/100GB/store_sales/store_sales_17_144.dat.gz
redshift-downloads,TPC-DS/2.13/100GB/store_sales/store_sales_18_144.dat.gz
redshift-downloads,TPC-DS/2.13/100GB/store_sales/store_sales_19_144.dat.gz
redshift-downloads,TPC-DS/2.13/100GB/store_sales/store_sales_1_144.dat.gz
redshift-downloads,TPC-DS/2.13/100GB/store_sales/store_sales_20_144.dat.gz
redshift-downloads,TPC-DS/2.13/100GB/store_sales/store_sales_21_144.dat.gz
redshift-downloads,TPC-DS/2.13/100GB/store_sales/store_sales_22_144.dat.gz
redshift-downloads,TPC-DS/2.13/100GB/store_sales/store_sales_23_144.dat.gz
redshift-downloads,TPC-DS/2.13/100GB/store_sales/store_sales_24_144.dat.gz
redshift-downloads,TPC-DS/2.13/100GB/store_sales/store_sales_25_144.dat.gz
redshift-downloads,TPC-DS/2.13/100GB/store_sales/store_sales_26_144.dat.gz
redshift-downloads,TPC-DS/2.13/100GB/store_sales/store_sales_27_144.dat.gz
redshift-downloads,TPC-DS/2.13/100GB/store_sales/store_sales_28_144.dat.gz
redshift-downloads,TPC-DS/2.13/100GB/store_sales/store_sales_29_144.dat.gz
redshift-downloads,TPC-DS/2.13/100GB/store_sales/store_sales_2_144.dat.gz
redshift-downloads,TPC-DS/2.13/100GB/store_sales/store_sales_30_144.dat.gz
redshift-downloads,TPC-DS/2.13/100GB/store_sales/store_sales_31_144.dat.gz
redshift-downloads,TPC-DS/2.13/100GB/store_sales/store_sales_32_144.dat.gz
redshift-downloads,TPC-DS/2.13/100GB/store_sales/store_sales_33_144.dat.gz
redshift-downloads,TPC-DS/2.13/100GB/store_sales/store_sales_34_144.dat.gz
redshift-downloads,TPC-DS/2.13/100GB/store_sales/store_sales_35_144.dat.gz
redshift-downloads,TPC-DS/2.13/100GB/store_sales/store_sales_36_144.dat.gz
redshift-downloads,TPC-DS/2.13/100GB/store_sales/store_sales_37_144.dat.gz
redshift-downloads,TPC-DS/2.13/100GB/store_sales/store_sales_38_144.dat.gz
redshift-downloads,TPC-DS/2.13/100GB/store_sales/store_sales_39_144.dat.gz
redshift-downloads,TPC-DS/2.13/100GB/store_sales/store_sales_3_144.dat.gz
redshift-downloads,TPC-DS/2.13/100GB/store_sales/store_sales_40_144.dat.gz
redshift-downloads,TPC-DS/2.13/100GB/store_sales/store_sales_41_144.dat.gz
redshift-downloads,TPC-DS/2.13/100GB/store_sales/store_sales_42_144.dat.gz
redshift-downloads,TPC-DS/2.13/100GB/store_sales/store_sales_43_144.dat.gz
redshift-downloads,TPC-DS/2.13/100GB/store_sales/store_sales_44_144.dat.gz
redshift-downloads,TPC-DS/2.13/100GB/store_sales/store_sales_45_144.dat.gz
redshift-downloads,TPC-DS/2.13/100GB/store_sales/store_sales_46_144.dat.gz
redshift-downloads,TPC-DS/2.13/100GB/store_sales/store_sales_47_144.dat.gz
redshift-downloads,TPC-DS/2.13/100GB/store_sales/store_sales_48_144.dat.gz
redshift-downloads,TPC-DS/2.13/100GB/store_sales/store_sales_49_144.dat.gz
redshift-downloads,TPC-DS/2.13/100GB/store_sales/store_sales_4_144.dat.gz
redshift-downloads,TPC-DS/2.13/100GB/store_sales/store_sales_50_144.dat.gz
redshift-downloads,TPC-DS/2.13/100GB/store_sales/store_sales_51_144.dat.gz
redshift-downloads,TPC-DS/2.13/100GB/store_sales/store_sales_52_144.dat.gz
redshift-downloads,TPC-DS/2.13/100GB/store_sales/store_sales_53_144.dat.gz
redshift-downloads,TPC-DS/2.13/100GB/store_sales/store_sales_54_144.dat.gz
redshift-downloads,TPC-DS/2.13/100GB/store_sales/store_sales_55_144.dat.gz
redshift-downloads,TPC-DS/2.13/100GB/store_sales/store_sales_56_144.dat.gz
redshift-downloads,TPC-DS/2.13/100GB/store_sales/store_sales_57_144.dat.gz
redshift-downloads,TPC-DS/2.13/100GB/store_sales/store_sales_58_144.dat.gz
redshift-downloads,TPC-DS/2.13/100GB/store_sales/store_sales_59_144.dat.gz
redshift-downloads,TPC-DS/2.13/100GB/store_sales/store_sales_5_144.dat.gz
redshift-downloads,TPC-DS/2.13/100GB/store_sales/store_sales_60_144.dat.gz
redshift-downloads,TPC-DS/2.13/100GB/store_sales/store_sales_61_144.dat.gz
redshift-downloads,TPC-DS/2.13/100GB/store_sales/store_sales_62_144.dat.gz
redshift-downloads,TPC-DS/2.13/100GB/store_sales/store_sales_63_144.dat.gz
redshift-downloads,TPC-DS/2.13/100GB/store_sales/store_sales_64_144.dat.gz
redshift-downloads,TPC-DS/2.13/100GB/store_sales/store_sales_65_144.dat.gz
redshift-downloads,TPC-DS/2.13/100GB/store_sales/store_sales_66_144.dat.gz
redshift-downloads,TPC-DS/2.13/100GB/store_sales/store_sales_67_144.dat.gz
redshift-downloads,TPC-DS/2.13/100GB/store_sales/store_sales_68_144.dat.gz
redshift-downloads,TPC-DS/2.13/100GB/store_sales/store_sales_69_144.dat.gz
redshift-downloads,TPC-DS/2.13/100GB/store_sales/store_sales_6_144.dat.gz
redshift-downloads,TPC-DS/2.13/100GB/store_sales/store_sales_70_144.dat.gz
redshift-downloads,TPC-DS/2.13/100GB/store_sales/store_sales_71_144.dat.gz
redshift-downloads,TPC-DS/2.13/100GB/store_sales/store_sales_72_144.dat.gz
redshift-downloads,TPC-DS/2.13/100GB/store_sales/store_sales_73_144.dat.gz
redshift-downloads,TPC-DS/2.13/100GB/store_sales/store_sales_74_144.dat.gz
redshift-downloads,TPC-DS/2.13/100GB/store_sales/store_sales_75_144.dat.gz
redshift-downloads,TPC-DS/2.13/100GB/store_sales/store_sales_76_144.dat.gz
redshift-downloads,TPC-DS/2.13/100GB/store_sales/store_sales_77_144.dat.gz
redshift-downloads,TPC-DS/2.13/100GB/store_sales/store_sales_78_144.dat.gz
redshift-downloads,TPC-DS/2.13/100GB/store_sales/store_sales_79_144.dat.gz
redshift-downloads,TPC-DS/2.13/100GB/store_sales/store_sales_7_144.dat.gz
redshift-downloads,TPC-DS/2.13/100GB/store_sales/store_sales_80_144.dat.gz
redshift-downloads,TPC-DS/2.13/100GB/store_sales/store_sales_81_144.dat.gz
redshift-downloads,TPC-DS/2.13/100GB/store_sales/store_sales_82_144.dat.gz
redshift-downloads,TPC-DS/2.13/100GB/store_sales/store_sales_83_144.dat.gz
redshift-downloads,TPC-DS/2.13/100GB/store_sales/store_sales_84_144.dat.gz
redshift-downloads,TPC-DS/2.13/100GB/store_sales/store_sales_85_144.dat.gz
redshift-downloads,TPC-DS/2.13/100GB/store_sales/store_sales_86_144.dat.gz
redshift-downloads,TPC-DS/2.13/100GB/store_sales/store_sales_87_144.dat.gz
redshift-downloads,TPC-DS/2.13/100GB/store_sales/store_sales_88_144.dat.gz
redshift-downloads,TPC-DS/2.13/100GB/store_sales/store_sales_89_144.dat.gz
redshift-downloads,TPC-DS/2.13/100GB/store_sales/store_sales_8_144.dat.gz
redshift-downloads,TPC-DS/2.13/100GB/store_sales/store_sales_90_144.dat.gz
redshift-downloads,TPC-DS/2.13/100GB/store_sales/store_sales_91_144.dat.gz
redshift-downloads,TPC-DS/2.13/100GB/store_sales/store_sales_92_144.dat.gz
redshift-downloads,TPC-DS/2.13/100GB/store_sales/store_sales_93_144.dat.gz
redshift-downloads,TPC-DS/2.13/100GB/store_sales/store_sales_94_144.dat.gz
redshift-downloads,TPC-DS/2.13/100GB/store_sales/store_sales_95_144.dat.gz
redshift-downloads,TPC-DS/2.13/100GB/store_sales/store_sales_96_144.dat.gz
redshift-downloads,TPC-DS/2.13/100GB/store_sales/store_sales_97_144.dat.gz
redshift-downloads,TPC-DS/2.13/100GB/store_sales/store_sales_98_144.dat.gz
redshift-downloads,TPC-DS/2.13/100GB/store_sales/store_sales_99_144.dat.gz
redshift-downloads,TPC-DS/2.13/100GB/store_sales/store_sales_9_144.dat.gz
redshift-downloads,TPC-DS/2.13/100GB/time_dim/time_dim.dat.gz
redshift-downloads,TPC-DS/2.13/100GB/warehouse/warehouse.dat.gz
redshift-downloads,TPC-DS/2.13/100GB/web_page/web_page.dat.gz
redshift-downloads,TPC-DS/2.13/100GB/web_returns/web_returns_10_55.dat.gz
redshift-downloads,TPC-DS/2.13/100GB/web_returns/web_returns_11_55.dat.gz
redshift-downloads,TPC-DS/2.13/100GB/web_returns/web_returns_12_55.dat.gz
redshift-downloads,TPC-DS/2.13/100GB/web_returns/web_returns_13_55.dat.gz
redshift-downloads,TPC-DS/2.13/100GB/web_returns/web_returns_14_55.dat.gz
redshift-downloads,TPC-DS/2.13/100GB/web_returns/web_returns_15_55.dat.gz
redshift-downloads,TPC-DS/2.13/100GB/web_returns/web_returns_16_55.dat.gz
redshift-downloads,TPC-DS/2.13/100GB/web_returns/web_returns_17_55.dat.gz
redshift-downloads,TPC-DS/2.13/100GB/web_returns/web_returns_18_55.dat.gz
redshift-downloads,TPC-DS/2.13/100GB/web_returns/web_returns_19_55.dat.gz
redshift-downloads,TPC-DS/2.13/100GB/web_returns/web_returns_1_55.dat.gz
redshift-downloads,TPC-DS/2.13/100GB/web_returns/web_returns_20_55.dat.gz
redshift-downloads,TPC-DS/2.13/100GB/web_returns/web_returns_21_55.dat.gz
redshift-downloads,TPC-DS/2.13/100GB/web_returns/web_returns_22_55.dat.gz
redshift-downloads,TPC-DS/2.13/100GB/web_returns/web_returns_23_55.dat.gz
redshift-downloads,TPC-DS/2.13/100GB/web_returns/web_returns_24_55.dat.gz
redshift-downloads,TPC-DS/2.13/100GB/web_returns/web_returns_25_55.dat.gz
redshift-downloads,TPC-DS/2.13/100GB/web_returns/web_returns_26_55.dat.gz
redshift-downloads,TPC-DS/2.13/100GB/web_returns/web_returns_27_55.dat.gz
redshift-downloads,TPC-DS/2.13/100GB/web_returns/web_returns_28_55.dat.gz
redshift-downloads,TPC-DS/2.13/100GB/web_returns/web_returns_29_55.dat.gz
redshift-downloads,TPC-DS/2.13/100GB/web_returns/web_returns_2_55.dat.gz
redshift-downloads,TPC-DS/2.13/100GB/web_returns/web_returns_30_55.dat.gz
redshift-downloads,TPC-DS/2.13/100GB/web_returns/web_returns_31_55.dat.gz
redshift-downloads,TPC-DS/2.13/100GB/web_returns/web_returns_32_55.dat.gz
redshift-downloads,TPC-DS/2.13/100GB/web_returns/web_returns_33_55.dat.gz
redshift-downloads,TPC-DS/2.13/100GB/web_returns/web_returns_34_55.dat.gz
redshift-downloads,TPC-DS/2.13/100GB/web_returns/web_returns_35_55.dat.gz
redshift-downloads,TPC-DS/2.13/100GB/web_returns/web_returns_36_55.dat.gz
redshift-downloads,TPC-DS/2.13/100GB/web_returns/web_returns_37_55.dat.gz
redshift-downloads,TPC-DS/2.13/100GB/web_returns/web_returns_38_55.dat.gz
redshift-downloads,TPC-DS/2.13/100GB/web_returns/web_returns_39_55.dat.gz
redshift-downloads,TPC-DS/2.13/100GB/web_returns/web_returns_3_55.dat.gz
redshift-downloads,TPC-DS/2.13/100GB/web_returns/web_returns_40_55.dat.gz
redshift-downloads,TPC-DS/2.13/100GB/web_returns/web_returns_41_55.dat.gz
redshift-downloads,TPC-DS/2.13/100GB/web_returns/web_returns_42_55.dat.gz
redshift-downloads,TPC-DS/2.13/100GB/web_returns/web_returns_43_55.dat.gz
redshift-downloads,TPC-DS/2.13/100GB/web_returns/web_returns_44_55.dat.gz
redshift-downloads,TPC-DS/2.13/100GB/web_returns/web_returns_45_55.dat.gz
redshift-downloads,TPC-DS/2.13/100GB/web_returns/web_returns_46_55.dat.gz
redshift-downloads,TPC-DS/2.13/100GB/web_returns/web_returns_47_55.dat.gz
redshift-downloads,TPC-DS/2.13/100GB/web_returns/web_returns_48_55.dat.gz
redshift-downloads,TPC-DS/2.13/100GB/web_returns/web_returns_49_55.dat.gz
redshift-downloads,TPC-DS/2.13/100GB/web_returns/web_returns_4_55.dat.gz
redshift-downloads,TPC-DS/2.13/100GB/web_returns/web_returns_50_55.dat.gz
redshift-downloads,TPC-DS/2.13/100GB/web_returns/web_returns_51_55.dat.gz
redshift-downloads,TPC-DS/2.13/100GB/web_returns/web_returns_52_55.dat.gz
redshift-downloads,TPC-DS/2.13/100GB/web_returns/web_returns_53_55.dat.gz
redshift-downloads,TPC-DS/2.13/100GB/web_returns/web_returns_54_55.dat.gz
redshift-downloads,TPC-DS/2.13/100GB/web_returns/web_returns_55_55.dat.gz
redshift-downloads,TPC-DS/2.13/100GB/web_returns/web_returns_5_55.dat.gz
redshift-downloads,TPC-DS/2.13/100GB/web_returns/web_returns_6_55.dat.gz
redshift-downloads,TPC-DS/2.13/100GB/web_returns/web_returns_7_55.dat.gz
redshift-downloads,TPC-DS/2.13/100GB/web_returns/web_returns_8_55.dat.gz
redshift-downloads,TPC-DS/2.13/100GB/web_returns/web_returns_9_55.dat.gz
redshift-downloads,TPC-DS/2.13/100GB/web_sales/web_sales_10_55.dat.gz
redshift-downloads,TPC-DS/2.13/100GB/web_sales/web_sales_11_55.dat.gz
redshift-downloads,TPC-DS/2.13/100GB/web_sales/web_sales_12_55.dat.gz
redshift-downloads,TPC-DS/2.13/100GB/web_sales/web_sales_13_55.dat.gz
redshift-downloads,TPC-DS/2.13/100GB/web_sales/web_sales_14_55.dat.gz
redshift-downloads,TPC-DS/2.13/100GB/web_sales/web_sales_15_55.dat.gz
redshift-downloads,TPC-DS/2.13/100GB/web_sales/web_sales_16_55.dat.gz
redshift-downloads,TPC-DS/2.13/100GB/web_sales/web_sales_17_55.dat.gz
redshift-downloads,TPC-DS/2.13/100GB/web_sales/web_sales_18_55.dat.gz
redshift-downloads,TPC-DS/2.13/100GB/web_sales/web_sales_19_55.dat.gz
redshift-downloads,TPC-DS/2.13/100GB/web_sales/web_sales_1_55.dat.gz
redshift-downloads,TPC-DS/2.13/100GB/web_sales/web_sales_20_55.dat.gz
redshift-downloads,TPC-DS/2.13/100GB/web_sales/web_sales_21_55.dat.gz
redshift-downloads,TPC-DS/2.13/100GB/web_sales/web_sales_22_55.dat.gz
redshift-downloads,TPC-DS/2.13/100GB/web_sales/web_sales_23_55.dat.gz
redshift-downloads,TPC-DS/2.13/100GB/web_sales/web_sales_24_55.dat.gz
redshift-downloads,TPC-DS/2.13/100GB/web_sales/web_sales_25_55.dat.gz
redshift-downloads,TPC-DS/2.13/100GB/web_sales/web_sales_26_55.dat.gz
redshift-downloads,TPC-DS/2.13/100GB/web_sales/web_sales_27_55.dat.gz
redshift-downloads,TPC-DS/2.13/100GB/web_sales/web_sales_28_55.dat.gz
redshift-downloads,TPC-DS/2.13/100GB/web_sales/web_sales_29_55.dat.gz
redshift-downloads,TPC-DS/2.13/100GB/web_sales/web_sales_2_55.dat.gz
redshift-downloads,TPC-DS/2.13/100GB/web_sales/web_sales_30_55.dat.gz
redshift-downloads,TPC-DS/2.13/100GB/web_sales/web_sales_31_55.dat.gz
redshift-downloads,TPC-DS/2.13/100GB/web_sales/web_sales_32_55.dat.gz
redshift-downloads,TPC-DS/2.13/100GB/web_sales/web_sales_33_55.dat.gz
redshift-downloads,TPC-DS/2.13/100GB/web_sales/web_sales_34_55.dat.gz
redshift-downloads,TPC-DS/2.13/100GB/web_sales/web_sales_35_55.dat.gz
redshift-downloads,TPC-DS/2.13/100GB/web_sales/web_sales_36_55.dat.gz
redshift-downloads,TPC-DS/2.13/100GB/web_sales/web_sales_37_55.dat.gz
redshift-downloads,TPC-DS/2.13/100GB/web_sales/web_sales_38_55.dat.gz
redshift-downloads,TPC-DS/2.13/100GB/web_sales/web_sales_39_55.dat.gz
redshift-downloads,TPC-DS/2.13/100GB/web_sales/web_sales_3_55.dat.gz
redshift-downloads,TPC-DS/2.13/100GB/web_sales/web_sales_40_55.dat.gz
redshift-downloads,TPC-DS/2.13/100GB/web_sales/web_sales_41_55.dat.gz
redshift-downloads,TPC-DS/2.13/100GB/web_sales/web_sales_42_55.dat.gz
redshift-downloads,TPC-DS/2.13/100GB/web_sales/web_sales_43_55.dat.gz
redshift-downloads,TPC-DS/2.13/100GB/web_sales/web_sales_44_55.dat.gz
redshift-downloads,TPC-DS/2.13/100GB/web_sales/web_sales_45_55.dat.gz
redshift-downloads,TPC-DS/2.13/100GB/web_sales/web_sales_46_55.dat.gz
redshift-downloads,TPC-DS/2.13/100GB/web_sales/web_sales_47_55.dat.gz
redshift-downloads,TPC-DS/2.13/100GB/web_sales/web_sales_48_55.dat.gz
redshift-downloads,TPC-DS/2.13/100GB/web_sales/web_sales_49_55.dat.gz
redshift-downloads,TPC-DS/2.13/100GB/web_sales/web_sales_4_55.dat.gz
redshift-downloads,TPC-DS/2.13/100GB/web_sales/web_sales_50_55.dat.gz
redshift-downloads,TPC-DS/2.13/100GB/web_sales/web_sales_51_55.dat.gz
redshift-downloads,TPC-DS/2.13/100GB/web_sales/web_sales_52_55.dat.gz
redshift-downloads,TPC-DS/2.13/100GB/web_sales/web_sales_53_55.dat.gz
redshift-downloads,TPC-DS/2.13/100GB/web_sales/web_sales_54_55.dat.gz
redshift-downloads,TPC-DS/2.13/100GB/web_sales/web_sales_55_55.dat.gz
redshift-downloads,TPC-DS/2.13/100GB/web_sales/web_sales_5_55.dat.gz
redshift-downloads,TPC-DS/2.13/100GB/web_sales/web_sales_6_55.dat.gz
redshift-downloads,TPC-DS/2.13/100GB/web_sales/web_sales_7_55.dat.gz
redshift-downloads,TPC-DS/2.13/100GB/web_sales/web_sales_8_55.dat.gz
redshift-downloads,TPC-DS/2.13/100GB/web_sales/web_sales_9_55.dat.gz
redshift-downloads,TPC-DS/2.13/100GB/web_site/web_site.dat.gz